{
  "name" : "Balances",
  "type" : "NLPIntent",
  "intentParameters" : [ {
    "name" : "accountType",
    "required" : true,
    "entity" : "AccountType"
  } ],
  "exampleData" : [ {
    "sentence" : "잔액 얼마",
    "exampleEntities" : [ ]
  }, {
    "sentence" : "제가 작년에 얼마 저금 했죠?",
    "exampleEntities" : [ ]
  }, {
    "sentence" : "통장 잔액",
    "exampleEntities" : [ ]
  }, {
    "sentence" : "계좌 잔고를 보여줘",
    "exampleEntities" : [ ]
  }, {
    "sentence" : "현재 저의 잔고를 알려주세요",
    "exampleEntities" : [ ]
  }, {
    "sentence" : "제 통장의 잔액은 얼마가 있나요?",
    "exampleEntities" : [ ]
  }, {
    "sentence" : "계좌에 얼마 있죠?",
    "exampleEntities" : [ ]
  }, {
    "sentence" : "잔고가 얼마인가요?",
    "exampleEntities" : [ ]
  }, {
    "sentence" : "통장에 얼마 있죠?",
    "exampleEntities" : [ ]
  } ]
}